<application>
  <component name="libraryTable">
    <library name="Python 2.7 interpreter library">
      <CLASSES>
        <root url="file://D:/devInstall/Python/Python27/DLLs" />
        <root url="file://D:/devInstall/Python/Python27/Lib" />
        <root url="file://D:/devInstall/Python/Python27/Lib/lib-tk" />
        <root url="file://D:/devInstall/Python/Python27" />
        <root url="file://D:/devInstall/Python/Python27/Lib/site-packages" />
        <root url="file://$USER_HOME$/.IdeaIC2019.3/system/python_stubs/1477719051" />
        <root url="file://$APPLICATION_PLUGINS_DIR$/python-ce/helpers/python-skeletons" />
        <root url="file://$APPLICATION_PLUGINS_DIR$/python-ce/helpers/typeshed/stdlib/2" />
        <root url="file://$APPLICATION_PLUGINS_DIR$/python-ce/helpers/typeshed/stdlib/2and3" />
        <root url="file://$APPLICATION_PLUGINS_DIR$/python-ce/helpers/typeshed/third_party/2" />
        <root url="file://$APPLICATION_PLUGINS_DIR$/python-ce/helpers/typeshed/third_party/2and3" />
      </CLASSES>
      <JAVADOC />
      <SOURCES>
        <root url="file://D:/devInstall/Python/Python27/DLLs" />
        <root url="file://D:/devInstall/Python/Python27/Lib" />
        <root url="file://D:/devInstall/Python/Python27/Lib/lib-tk" />
        <root url="file://D:/devInstall/Python/Python27" />
        <root url="file://D:/devInstall/Python/Python27/Lib/site-packages" />
        <root url="file://$USER_HOME$/.IdeaIC2019.3/system/python_stubs/1477719051" />
        <root url="file://$APPLICATION_PLUGINS_DIR$/python-ce/helpers/python-skeletons" />
        <root url="file://$APPLICATION_PLUGINS_DIR$/python-ce/helpers/typeshed/stdlib/2" />
        <root url="file://$APPLICATION_PLUGINS_DIR$/python-ce/helpers/typeshed/stdlib/2and3" />
        <root url="file://$APPLICATION_PLUGINS_DIR$/python-ce/helpers/typeshed/third_party/2" />
        <root url="file://$APPLICATION_PLUGINS_DIR$/python-ce/helpers/typeshed/third_party/2and3" />
      </SOURCES>
    </library>
    <library name="Python 3.7 interpreter library">
      <CLASSES>
        <root url="file://D:/devInstall/Python/Python37/DLLs" />
        <root url="file://D:/devInstall/Python/Python37/Lib" />
        <root url="file://D:/devInstall/Python/Python37" />
        <root url="file://D:/devInstall/Python/Python37/Lib/site-packages" />
        <root url="file://$USER_HOME$/.IdeaIC2019.3/system/python_stubs/1184316044" />
        <root url="file://$APPLICATION_PLUGINS_DIR$/python-ce/helpers/python-skeletons" />
        <root url="file://$APPLICATION_PLUGINS_DIR$/python-ce/helpers/typeshed/stdlib/3" />
        <root url="file://$APPLICATION_PLUGINS_DIR$/python-ce/helpers/typeshed/stdlib/2and3" />
        <root url="file://$APPLICATION_PLUGINS_DIR$/python-ce/helpers/typeshed/third_party/3" />
        <root url="file://$APPLICATION_PLUGINS_DIR$/python-ce/helpers/typeshed/third_party/2and3" />
      </CLASSES>
      <JAVADOC />
      <SOURCES>
        <root url="file://D:/devInstall/Python/Python37/DLLs" />
        <root url="file://D:/devInstall/Python/Python37/Lib" />
        <root url="file://D:/devInstall/Python/Python37" />
        <root url="file://D:/devInstall/Python/Python37/Lib/site-packages" />
        <root url="file://$USER_HOME$/.IdeaIC2019.3/system/python_stubs/1184316044" />
        <root url="file://$APPLICATION_PLUGINS_DIR$/python-ce/helpers/python-skeletons" />
        <root url="file://$APPLICATION_PLUGINS_DIR$/python-ce/helpers/typeshed/stdlib/3" />
        <root url="file://$APPLICATION_PLUGINS_DIR$/python-ce/helpers/typeshed/stdlib/2and3" />
        <root url="file://$APPLICATION_PLUGINS_DIR$/python-ce/helpers/typeshed/third_party/3" />
        <root url="file://$APPLICATION_PLUGINS_DIR$/python-ce/helpers/typeshed/third_party/2and3" />
      </SOURCES>
    </library>
    <library name="scala-sdk-2.11.12" type="Scala">
      <properties>
        <language-level>Scala_2_11</language-level>
        <compiler-classpath>
          <root url="file://D:/devInstall/scala/scala-2.11.12/lib/scala-compiler.jar" />
          <root url="file://D:/devInstall/scala/scala-2.11.12/lib/scala-library.jar" />
          <root url="file://D:/devInstall/scala/scala-2.11.12/lib/scala-reflect.jar" />
        </compiler-classpath>
      </properties>
      <CLASSES>
        <root url="jar://D:/devInstall/scala/scala-2.11.12/lib/scala-actors-2.11.0.jar!/" />
        <root url="jar://D:/devInstall/scala/scala-2.11.12/lib/scala-actors-migration_2.11-1.1.0.jar!/" />
        <root url="jar://D:/devInstall/scala/scala-2.11.12/lib/scala-library.jar!/" />
        <root url="jar://D:/devInstall/scala/scala-2.11.12/lib/scala-parser-combinators_2.11-1.0.4.jar!/" />
        <root url="jar://D:/devInstall/scala/scala-2.11.12/lib/scala-reflect.jar!/" />
        <root url="jar://D:/devInstall/scala/scala-2.11.12/lib/scala-swing_2.11-1.0.2.jar!/" />
        <root url="jar://D:/devInstall/scala/scala-2.11.12/lib/scala-xml_2.11-1.0.5.jar!/" />
      </CLASSES>
      <JAVADOC>
        <root url="https://www.scala-lang.org/api/2.11.12/" />
      </JAVADOC>
      <SOURCES />
    </library>
    <library name="scala-sdk-2.12.18" type="Scala">
      <properties>
        <compiler-classpath>
          <root url="file://D:/devInstall/scala/scala-2.12.18/lib/scala-compiler.jar" />
          <root url="file://D:/devInstall/scala/scala-2.12.18/lib/scala-library.jar" />
          <root url="file://D:/devInstall/scala/scala-2.12.18/lib/scala-reflect.jar" />
        </compiler-classpath>
      </properties>
      <CLASSES>
        <root url="jar://D:/devInstall/scala/scala-2.12.18/lib/scala-library.jar!/" />
        <root url="jar://D:/devInstall/scala/scala-2.12.18/lib/scala-parser-combinators_2.12-1.0.7.jar!/" />
        <root url="jar://D:/devInstall/scala/scala-2.12.18/lib/scala-reflect.jar!/" />
        <root url="jar://D:/devInstall/scala/scala-2.12.18/lib/scala-swing_2.12-2.0.3.jar!/" />
        <root url="jar://D:/devInstall/scala/scala-2.12.18/lib/scala-xml_2.12-2.1.0.jar!/" />
      </CLASSES>
      <JAVADOC>
        <root url="https://www.scala-lang.org/api/2.12.18/" />
      </JAVADOC>
      <SOURCES />
    </library>
    <library name="scala-sdk-2.13.10" type="Scala">
      <properties>
        <language-level>Scala_2_13</language-level>
        <compiler-classpath>
          <root url="file://D:/devInstall/scala/scala-2.13.10/lib/scala-compiler.jar" />
          <root url="file://D:/devInstall/scala/scala-2.13.10/lib/scala-library.jar" />
          <root url="file://D:/devInstall/scala/scala-2.13.10/lib/scala-reflect.jar" />
        </compiler-classpath>
      </properties>
      <CLASSES>
        <root url="jar://D:/devInstall/scala/scala-2.13.10/lib/scala-library.jar!/" />
        <root url="jar://D:/devInstall/scala/scala-2.13.10/lib/scala-reflect.jar!/" />
      </CLASSES>
      <JAVADOC>
        <root url="https://www.scala-lang.org/api/2.13.10/" />
      </JAVADOC>
      <SOURCES />
    </library>
  </component>
</application>