<application>
  <component name="FileTypeManager" version="17">
    <ignoreFiles list="*.hprof;*.iml;*.pyc;*.pyo;*.rbc;*.yarb;*~;.DS_Store;.git;.hg;.idea;.svn;CVS;__pycache__;_svn;venv;vssver.scc;vssver2.scc;" />
    <extensionMap>
      <mapping pattern="s" type="PLAIN_TEXT" />
      <mapping pattern="put_file" type="PLAIN_TEXT" />
      <mapping pattern="cdt_cdt_no_search_userid_dim.sql" type="PLAIN_TEXT" />
      <mapping pattern="fadsf" type="PLAIN_TEXT" />
      <mapping pattern="upload" type="PLAIN_TEXT" />
      <mapping pattern="command" type="PLAIN_TEXT" />
      <mapping pattern="part-00003" type="PLAIN_TEXT" />
      <mapping pattern="part-00002" type="PLAIN_TEXT" />
      <mapping pattern="part-00001" type="PLAIN_TEXT" />
      <mapping pattern="part-00000" type="PLAIN_TEXT" />
      <mapping pattern="hbase_sql.sql" type="PLAIN_TEXT" />
      <mapping pattern="part-r-00000" type="PLAIN_TEXT" />
      <mapping pattern="tmp_file_01,sql" type="PLAIN_TEXT" />
      <mapping pattern="fdsa" type="PLAIN_TEXT" />
      <mapping ext="ipdb" type="PLAIN_TEXT" />
      <mapping ext="edf" type="PLAIN_TEXT" />
      <mapping ext="pages" type="PLAIN_TEXT" />
      <mapping ext="sq" type="PLAIN_TEXT" />
      <mapping pattern="hbase_sql" type="SQL" />
      <mapping pattern="mysql_sql" type="SQL" />
      <removed_mapping ext="sql" approved="true" type="PLAIN_TEXT" />
      <mapping ext="fnc" type="DBN-PSQL" />
      <mapping ext="pkb" type="DBN-PSQL" />
      <mapping ext="pkg" type="DBN-PSQL" />
      <mapping ext="pks" type="DBN-PSQL" />
      <mapping ext="plsql" type="DBN-PSQL" />
      <mapping ext="prc" type="DBN-PSQL" />
      <mapping ext="tpb" type="DBN-PSQL" />
      <mapping ext="tpe" type="DBN-PSQL" />
      <mapping ext="tps" type="DBN-PSQL" />
      <mapping ext="trg" type="DBN-PSQL" />
      <mapping ext="vw" type="DBN-SQL" />
    </extensionMap>
  </component>
</application>