<application>
  <component name="ProjectJdkTable">
    <jdk version="2">
      <name value="Python 2.7" />
      <type value="Python SDK" />
      <version value="Python 2.7.18" />
      <homePath value="D:\devInstall\Python\Python27\python.exe" />
      <roots>
        <annotationsPath>
          <root type="composite" />
        </annotationsPath>
        <classPath>
          <root type="composite">
            <root url="file://D:/devInstall/Python/Python27/DLLs" type="simple" />
            <root url="file://D:/devInstall/Python/Python27/Lib" type="simple" />
            <root url="file://D:/devInstall/Python/Python27/Lib/lib-tk" type="simple" />
            <root url="file://D:/devInstall/Python/Python27" type="simple" />
            <root url="file://D:/devInstall/Python/Python27/Lib/site-packages" type="simple" />
            <root url="file://$USER_HOME$/.IntelliJIdea2019.3/system/python_stubs/1477719051" type="simple" />
            <root url="file://$APPLICATION_PLUGINS_DIR$/python/helpers/python-skeletons" type="simple" />
            <root url="file://$APPLICATION_PLUGINS_DIR$/python/helpers/typeshed/stdlib/2" type="simple" />
            <root url="file://$APPLICATION_PLUGINS_DIR$/python/helpers/typeshed/stdlib/2and3" type="simple" />
            <root url="file://$APPLICATION_PLUGINS_DIR$/python/helpers/typeshed/third_party/2" type="simple" />
            <root url="file://$APPLICATION_PLUGINS_DIR$/python/helpers/typeshed/third_party/2and3" type="simple" />
          </root>
        </classPath>
        <javadocPath>
          <root type="composite" />
        </javadocPath>
        <sourcePath>
          <root type="composite" />
        </sourcePath>
      </roots>
      <additional />
    </jdk>
    <jdk version="2">
      <name value="1.8" />
      <type value="JavaSDK" />
      <version value="java version &quot;1.8.0_112&quot;" />
      <homePath value="D:/devInstall/Java/jdk1.8.0_112" />
      <roots>
        <annotationsPath>
          <root type="composite">
            <root url="jar://$APPLICATION_HOME_DIR$/plugins/java/lib/jdkAnnotations.jar!/" type="simple" />
          </root>
        </annotationsPath>
        <classPath>
          <root type="composite">
            <root url="jar://D:/devInstall/Java/jdk1.8.0_112/jre/lib/charsets.jar!/" type="simple" />
            <root url="jar://D:/devInstall/Java/jdk1.8.0_112/jre/lib/deploy.jar!/" type="simple" />
            <root url="jar://D:/devInstall/Java/jdk1.8.0_112/jre/lib/ext/access-bridge-32.jar!/" type="simple" />
            <root url="jar://D:/devInstall/Java/jdk1.8.0_112/jre/lib/ext/cldrdata.jar!/" type="simple" />
            <root url="jar://D:/devInstall/Java/jdk1.8.0_112/jre/lib/ext/dnsns.jar!/" type="simple" />
            <root url="jar://D:/devInstall/Java/jdk1.8.0_112/jre/lib/ext/jaccess.jar!/" type="simple" />
            <root url="jar://D:/devInstall/Java/jdk1.8.0_112/jre/lib/ext/jfxrt.jar!/" type="simple" />
            <root url="jar://D:/devInstall/Java/jdk1.8.0_112/jre/lib/ext/localedata.jar!/" type="simple" />
            <root url="jar://D:/devInstall/Java/jdk1.8.0_112/jre/lib/ext/nashorn.jar!/" type="simple" />
            <root url="jar://D:/devInstall/Java/jdk1.8.0_112/jre/lib/ext/sunec.jar!/" type="simple" />
            <root url="jar://D:/devInstall/Java/jdk1.8.0_112/jre/lib/ext/sunjce_provider.jar!/" type="simple" />
            <root url="jar://D:/devInstall/Java/jdk1.8.0_112/jre/lib/ext/sunmscapi.jar!/" type="simple" />
            <root url="jar://D:/devInstall/Java/jdk1.8.0_112/jre/lib/ext/sunpkcs11.jar!/" type="simple" />
            <root url="jar://D:/devInstall/Java/jdk1.8.0_112/jre/lib/ext/zipfs.jar!/" type="simple" />
            <root url="jar://D:/devInstall/Java/jdk1.8.0_112/jre/lib/javaws.jar!/" type="simple" />
            <root url="jar://D:/devInstall/Java/jdk1.8.0_112/jre/lib/jce.jar!/" type="simple" />
            <root url="jar://D:/devInstall/Java/jdk1.8.0_112/jre/lib/jfr.jar!/" type="simple" />
            <root url="jar://D:/devInstall/Java/jdk1.8.0_112/jre/lib/jfxswt.jar!/" type="simple" />
            <root url="jar://D:/devInstall/Java/jdk1.8.0_112/jre/lib/jsse.jar!/" type="simple" />
            <root url="jar://D:/devInstall/Java/jdk1.8.0_112/jre/lib/management-agent.jar!/" type="simple" />
            <root url="jar://D:/devInstall/Java/jdk1.8.0_112/jre/lib/plugin.jar!/" type="simple" />
            <root url="jar://D:/devInstall/Java/jdk1.8.0_112/jre/lib/resources.jar!/" type="simple" />
            <root url="jar://D:/devInstall/Java/jdk1.8.0_112/jre/lib/rt.jar!/" type="simple" />
          </root>
        </classPath>
        <javadocPath>
          <root type="composite" />
        </javadocPath>
        <sourcePath>
          <root type="composite">
            <root url="jar://D:/devInstall/Java/jdk1.8.0_112/src.zip!/" type="simple" />
            <root url="jar://D:/devInstall/Java/jdk1.8.0_112/javafx-src.zip!/" type="simple" />
          </root>
        </sourcePath>
      </roots>
      <additional />
    </jdk>
    <jdk version="2">
      <name value="Python 3.7" />
      <type value="Python SDK" />
      <version value="Python 3.7.9" />
      <homePath value="D:\devInstall\Python\Python37\python.exe" />
      <roots>
        <annotationsPath>
          <root type="composite" />
        </annotationsPath>
        <classPath>
          <root type="composite">
            <root url="file://D:/devInstall/Python/Python37/DLLs" type="simple" />
            <root url="file://D:/devInstall/Python/Python37/Lib" type="simple" />
            <root url="file://D:/devInstall/Python/Python37" type="simple" />
            <root url="file://D:/devInstall/Python/Python37/Lib/site-packages" type="simple" />
            <root url="jar://D:/devInstall/Python/Python37/Lib/site-packages/alibabacloud_tea_util-0.3.13-py3.7.egg!/" type="simple" />
            <root url="jar://D:/devInstall/Python/Python37/Lib/site-packages/alibabacloud_tea_console-0.0.1-py3.7.egg!/" type="simple" />
            <root url="jar://D:/devInstall/Python/Python37/Lib/site-packages/alibabacloud_tea_openapi-0.3.11-py3.7.egg!/" type="simple" />
            <root url="jar://D:/devInstall/Python/Python37/Lib/site-packages/alibabacloud_tea_xml-0.0.2-py3.7.egg!/" type="simple" />
            <root url="jar://D:/devInstall/Python/Python37/Lib/site-packages/alibabacloud_gateway_spi-0.0.2-py3.7.egg!/" type="simple" />
            <root url="jar://D:/devInstall/Python/Python37/Lib/site-packages/alibabacloud_openapi_util-0.2.2-py3.7.egg!/" type="simple" />
            <root url="jar://D:/devInstall/Python/Python37/Lib/site-packages/alibabacloud_credentials-0.3.5-py3.7.egg!/" type="simple" />
            <root url="jar://D:/devInstall/Python/Python37/Lib/site-packages/alibabacloud_endpoint_util-0.0.3-py3.7.egg!/" type="simple" />
            <root url="jar://D:/devInstall/Python/Python37/Lib/site-packages/alibabacloud_tea_fileform-0.0.5-py3.7.egg!/" type="simple" />
            <root url="jar://D:/devInstall/Python/Python37/Lib/site-packages/alibabacloud_oss_util-0.0.6-py3.7.egg!/" type="simple" />
            <root url="file://D:/devInstall/Python/Python37/Lib/site-packages/alibabacloud_openplatform20191219-2.0.0-py3.7.egg" type="simple" />
            <root url="jar://D:/devInstall/Python/Python37/Lib/site-packages/alibabacloud_oss_sdk-0.1.0-py3.7.egg!/" type="simple" />
            <root url="file://$USER_HOME$/.IntelliJIdea2019.3/system/python_stubs/1184316044" type="simple" />
            <root url="file://$APPLICATION_PLUGINS_DIR$/python/helpers/python-skeletons" type="simple" />
            <root url="file://$APPLICATION_PLUGINS_DIR$/python/helpers/typeshed/stdlib/3" type="simple" />
            <root url="file://$APPLICATION_PLUGINS_DIR$/python/helpers/typeshed/stdlib/2and3" type="simple" />
            <root url="file://$APPLICATION_PLUGINS_DIR$/python/helpers/typeshed/third_party/3" type="simple" />
            <root url="file://$APPLICATION_PLUGINS_DIR$/python/helpers/typeshed/third_party/2and3" type="simple" />
          </root>
        </classPath>
        <javadocPath>
          <root type="composite" />
        </javadocPath>
        <sourcePath>
          <root type="composite" />
        </sourcePath>
      </roots>
      <additional />
    </jdk>
  </component>
</application>