<application>
  <component name="ProjectManager">
    <defaultProject>
      <component name="CompilerConfiguration">
        <option name="USE_RELEASE_OPTION" value="false" />
        <bytecodeTargetLevel target="8" />
      </component>
      <component name="Encoding" native2AsciiForPropertiesFiles="true" defaultCharsetForPropertiesFiles="UTF-8">
        <file url="PROJECT" charset="UTF-8" />
      </component>
      <component name="JUnitGeneratorProjectSettings">
        <option name="selectedTemplateKey" value="JUnit 4" />
      </component>
      <component name="MavenImportPreferences">
        <option name="generalSettings">
          <MavenGeneralSettings>
            <option name="localRepository" value="D:\Repository" />
            <option name="mavenHome" value="D:/devInstall/maven/apache-maven-3.6.3" />
            <option name="userSettingsFile" value="D:\devInstall\maven\apache-maven-3.6.3\conf\settings.xml" />
          </MavenGeneralSettings>
        </option>
      </component>
      <component name="ProjectRootManager" version="2" languageLevel="JDK_1_8" project-jdk-name="1.8" project-jdk-type="JavaSDK" />
      <component name="ProjectViewState">
        <option name="hideEmptyMiddlePackages" value="true" />
        <option name="showLibraryContents" value="true" />
      </component>
      <component name="PropertiesComponent">
        <property name="last_opened_file_path" value="D:/workspace/per_proj" />
        <property name="project.structure.last.edited" value="Global Libraries" />
        <property name="project.structure.proportion" value="0.15234375" />
        <property name="project.structure.side.proportion" value="0.26066896" />
        <property name="settings.editor.selected.configurable" value="reference.projectsettings.compiler.javacompiler" />
      </component>
      <component name="masterDetails">
        <states>
          <state key="GlobalLibrariesConfigurable.UI">
            <settings>
              <last-edited>Python 3.7 interpreter library</last-edited>
              <splitter-proportions>
                <option name="proportions">
                  <list>
                    <option value="0.2" />
                  </list>
                </option>
              </splitter-proportions>
            </settings>
          </state>
          <state key="JdkListConfigurable.UI">
            <settings>
              <last-edited>1.8</last-edited>
              <splitter-proportions>
                <option name="proportions">
                  <list>
                    <option value="0.2" />
                  </list>
                </option>
              </splitter-proportions>
            </settings>
          </state>
          <state key="ProjectJDKs.UI">
            <settings>
              <last-edited>1.8</last-edited>
              <splitter-proportions>
                <option name="proportions">
                  <list>
                    <option value="0.2" />
                  </list>
                </option>
              </splitter-proportions>
            </settings>
          </state>
          <state key="ProjectLibrariesConfigurable.UI">
            <settings>
              <splitter-proportions>
                <option name="proportions">
                  <list>
                    <option value="0.2" />
                  </list>
                </option>
              </splitter-proportions>
            </settings>
          </state>
        </states>
      </component>
    </defaultProject>
  </component>
</application>